Run,Bio_Age
SRR1793991,26.5714285714
SRR1793992,26.5714285714
SRR1793993,212.5714285714
SRR1793994,318.8571428571
